Animal,MSE,SSIM
Orbium unicaudatus,0.0007181783047834015,0.9910950255217824
Orbium unicaudatus ignis,0.0027776837286242074,0.9712883139526813
Orbium bicaudatus,0.0005685206618058049,0.9922656997609858
Orbium bicaudatus ignis,0.00034560071922457714,0.9924149350609033
Gyrorbium gyrans,0.10739134733525073,0.3776340666525716
Gyrorbium labans,0.07100625310847057,0.5072844673785027
Vagorbium vagus,0.25503899567319627,0.21105984590409252
Synorbium,0.003863570566691456,0.9689069890474896
Tetrasynorbium?,0.13776101445546196,0.48175709622333346
Parorbium dividuus,0.11656134165287613,0.4423554507256411
Parorbium dividuus pedes,0.016845559267824838,0.8497890615671879
Parorbium adhaerens,0.1302552661047385,0.5022721755895997
Triorbium(?),0.06278865365674981,0.7089296142803331
Scutium solidus,0.0018434393204368718,0.991663539597099
Scutium valvatus,0.01818985343623288,0.9384188743445908
Scutium serratus fluens,0.07393742472205325,0.7729433182969754
Scutium serratus vagus,0.008654583601329001,0.9677081623140755
Scutium serratus saliens,0.048761182704491424,0.8492089364374731
Scutium serratus solidus,0.06198229627099958,0.8183061219409475
Scutium serratus fluens,0.07116577994075139,0.7799947992889436
Scutium serratus fluens,0.07356828769962973,0.7729555365425377
Discutium solidus,0.030734268572194787,0.8873220437488478
Discutium valvatus,0.07996969334059038,0.7278795832512027
Discutium serratus,0.03889695542770856,0.8514123188787632
Discutium serratus,0.03823313074189869,0.852081353476975
Triscutium solidus,0.13619522511742266,0.6688740275592772
Triscutium valvatus centrale,0.11933616113764588,0.6904409643776851
Triscutium valvatus laterale,0.12114540194254929,0.6754323941972042
Triscutium serratus valvatus centrale,0.07592153124069102,0.7758623366629601
Triscutium serratus valvatus laterale,0.08158973969688958,0.7587435309397621
Tetrascutium solidus,0.15361706074049303,0.644509342023016
Tetrascutium valvatus,0.1412737619269138,0.6530239199808332
Pentascutium solidus,0.15984480474459326,0.6301151628984072
Pentascutium valvatus,0.17514762429662387,0.5832198300589455
Hexascutium,0.1531273397860533,0.669457770781294
Heptascutium,0.14998214434263474,0.6943731247538399
Octascutium,0.1847313442800381,0.6263553662802244
Octascutium obliquus,0.2236181955853543,0.5442589589312835
Nonascutium,0.21958600959946062,0.5500505993109479
Decascutium,0.24308696931167031,0.5031311647016081
Dodecascutium,0.29433665025834915,0.40540385052388755
Tetradecascutium,0.3562169506649299,0.28713790059307737
Tetracosascutium,0.4992444365637019,0.06304616493409436
Catenoscutium bidirectus,0.07030530435500736,0.749615618006924
Gyropteron arcus,0.1157801559197924,0.6328843686686597
Gyropteron cavus,0.12590090191849518,0.5508314497961475
Gyropteron serratus velox,0.10464738744509307,0.5881244444413102
Gyropteron serratus turbulentus,0.0668635521840209,0.6867308012337452
Gyropteron serratus velox,0.10705263733792877,0.5817620423571509
Gyropteron serratus velox,0.10436052282990263,0.5904373180488253
Synptera cavus saliens,0.11230385524539767,0.6126027856625472
Synptera cavus pedes,0.18985624545708185,0.30723213710117486
Synptera sinus pedes,0.15004234378634485,0.406463579819615
Pyroscutium arcus pedes,0.1077585139003743,0.681796992199471
Pyroscutium ambiguus,0.02489173797499465,0.9005636572477203
Synptera serratus arcus pedes,0.1371489941195334,0.5936992882576807
Synptera serratus cavus labens,0.14344965389081338,0.5178273322081884
Synptera serratus cavus saliens,0.10266021912897054,0.6169956004666618
Synptera serratus sinus labens,0.11911132956522498,0.5368907514780243
Synptera serratus sinus pedes,0.17589902175012215,0.3736575721542126
Pyroscutium ambiguus serratus,0.14167253229016905,0.5488878939961277
Paraptera arcus labens,0.1200611511734849,0.6745263083990141
Paraptera arcus saliens,0.1884467262431305,0.4766298181863537
Paraptera arcus saliens ignis,0.16662839790442868,0.5136972209071209
Paraptera arcus pedes,0.18072068533767927,0.5289568746095108
Paraptera cavus labens,0.05749578194738809,0.8239461411573432
Paraptera cavus salien,0.1094076161143761,0.621706747755186
Paraptera cavus pedes,0.12905156649742805,0.6071792591189596
Paraptera cavus furiosus,0.029571696420795348,0.8912982172858197
Paraptera orbis pedes,0.15243429579087833,0.4596320454752877
Paraptera orbis furiosus,0.11025068790981071,0.5808460606990132
Paraptera sinus labens,0.023575869950401722,0.9226881061341821
Paraptera sinus pedes,0.004527646337284519,0.9799696089347802
Paraptera ambiguus,0.14872257034449377,0.6171362381820082
Paraptera serratus arcus saliens,0.1476870490932645,0.5961669548116179
Pentapteryx arcus labens,0.14473251997680445,0.6246735342395869
Pentapteryx arcus saliens,0.2177161557410868,0.4227271023557231
Pentapteryx arcus pedes,0.23615474075733855,0.3442491110757054
Pentapteryx cavus labens,0.10224098404780571,0.7084161763857327
Pentapteryx cavus saliens,0.17897839943570895,0.45932520515513137
Pentapteryx cavus pedes,0.19488077159245717,0.45058524028037417
Pentapteryx cavus furiosus,0.14436480455914452,0.5448810694062476
Pentapteryx arcus valvatus,0.15202509348362717,0.6160589651367528
Pentapteryx serratus cavus labens,0.13160821285216268,0.6366148439502803
Hexapteryx arcus labens,0.20096957592970616,0.4952912034345689
Hexapteryx cavus labens,0.11078348082924232,0.685889767755386
Hexapteryx serratus cavus labens,0.15650288964568462,0.592614242520488
Heptapteryx arcus labens,0.21690254276792942,0.4578027261348377
Heptapteryx cavus labens,0.1449130300124021,0.5942893375493019
Heptapteryx cavus labens cunctans,0.12415699776788323,0.6434866150020753
Heptapteryx serratus cavus labens,0.16737068459547408,0.5625300618507405
Heptapteryx serratus liquefaciens,0.12493582352401295,0.6394663381258902
Octapteryx arcus labens,0.24299207019340857,0.3954502421053549
Octapteryx cavus labens,0.16400711975080265,0.5441615295295386
Octapteryx serratus cavus labens,0.16943483049951552,0.5699778575755267
Nonapteryx arcus labens,0.26207617749334494,0.3543862850487087
Nonapteryx cavus labens,0.21985668963340183,0.4045395482490831
Nonapteryx serratus cavus labens,0.19103067938630455,0.5262718112423563
Nonapteryx serratus sinus labens,0.17821307145122847,0.5486555830470631
Decapteryx arcus labens,0.2918705187748874,0.29085690401903114
Decapteryx cavus labens,0.23733944780543217,0.36079615532302745
Decapteryx serratus sinus labens,0.23430069921163188,0.42557182126379345
Tridecapteryx arcus valvatus,0.357238374817623,0.1914758734844921
Tetracosapteryx arcus labens,0.42746543082406163,0.06032380439283808
Tetracosapteryx cavus labens,0.37807205071866484,0.0927267681333289
Hexacaudopteryx,0.08017318878985825,0.7673935543692149
Hexacaudopteryx serratus cavus labens,0.1749793555548799,0.544797801515154
Octacaudopteryx serratus cavus labens,0.1634170468795316,0.5846165583526944
Decacaudopteryx serratus sinus labens,0.22090556700056999,0.4467940526748303
Catenopteryx cyclon,0.034076404258925504,0.8986093733688765
Catenopteryx cyclon scutoides,0.32185001623795456,0.27000508586930944
Catenopteryx cinguli,0.3607993762043209,0.21115197953527712
Catenopteryx serratus cinguli,0.1704994907442681,0.5634446395498128
Helicium solidus,0.050228160275716104,0.8467156018124764
Helicium arcus saliens,0.07556773664134366,0.7613787928241216
Helicium arcus saliens ignis,0.1737290727884976,0.5059369701369424
Helicium arcus pedes,0.15945139081632437,0.5216628371476996
Helicium cavus pedes,0.1422459626513759,0.4346828800392776
Helicium serratus ocellus,0.06554617337822981,0.7871911033596085
Helicium serratus velox,0.12237134896510439,0.6100097853037743
Helicium serratus turbulentus,0.10477103632247124,0.6214876295821968
Helicium serratus turbulentus,0.10436572228913407,0.6237591441175787
Helicium serratus turbulentus,0.10853902970818283,0.6101511086943743
Pentahelicium solidus,0.011719411508418865,0.9563173086042471
Pentahelicium ignis,0.008858567184808555,0.9650116843633767
Pentahelicium serratus limus,0.09929922677272658,0.7364439151665934
Heptahelicium solidus,0.04993615396702754,0.8608130514873914
Heptahelicium ignis,0.06533991079798139,0.8153949223196256
Heptahelicium serratus limus,0.12907530354292004,0.6614649921986175
Nonahelicium solidus,0.15965686235445128,0.6019803968401671
Nonahelicium ignis,0.07640551800028314,0.7827854983791948
Nonahelicium serratus,0.1523647654648546,0.6160146994484884
Tetrahelicium(?),0.062124030627004216,0.8281430936466413
Tetrahelicium serratus,0.05714252227610187,0.8301277420748726
Tetrahelicium serratus fractus,0.09232999865132091,0.7103018562429335
Tetrahelicium serratus turbulentus,0.09971386648571612,0.6766057947473297
Hexahelicium solidus,0.009205136053579546,0.9662563230159924
Hexahelicium ignis,0.008996260022647293,0.9646610023488649
Hexahelicium serratus,0.13158227074598275,0.6673033412105845
Octahelicium,0.08165685420365618,0.777475053147862
Octahelicium serratus,0.14092548644316588,0.6306419027303674
Decahelicium,0.1651594128052824,0.5977124167376967
Decahelicium serratus,0.167500136483661,0.5956417900588402
Dodecahelicium limus,0.18086935304709045,0.5689320049678093
Catenohelicium monospirae,0.012291644686542433,0.9551897428640734
Catenohelicium bispirae vacuoides,0.37597895060252845,0.05270744967832398
Catenohelicium bispirae scutoides,0.1678913265810013,0.5983363932238158
Circium lithos apertus,0.059598035441034196,0.6624163448418878
Circium lithos opertus,0.003157657699170504,0.9931049698528731
Circium ventilans,0.001507869147182761,0.9953274931846126
Circium ventilans tenuis,0.04960039103649654,0.6901525385337641
Circium ventilans lateralis,0.001411226707348613,0.9948471869299946
Circium ventilans scintillans,0.0016162822742454824,0.9951970180453301
Circium ventilans cumulans,0.0017382896391074047,0.9953184027419384
Circium rupturus,0.043332912417872585,0.6267211215383742
Discutium pachus,0.10326207259727449,0.815350700448809
Trihelicium pachus,0.14585218718369444,0.692355311443829
max-fleet,0.4001873212911431,0.0431756683421961
Aerogeminium volitans,0.0838836036168609,0.7584371417566974
Aerogeminium ambiguus,0.06954090302035741,0.7815778265814202
Aerogeminium quietus,0.21359991613929186,0.34943501704735586
Aerogeminium labens,0.049263899199160945,0.8118505263313989
Hydrogeminium limus,0.07818513305807447,0.664948353781748
Hydrogeminium natans,0.22917076201710396,0.2875728647428189
Hydrogeminium labens,0.2798720593573338,0.272036539415828
Spinogeminium solidus,0.10270039014433975,0.5576568822985095
Spinogeminium limus,0.04505736657951109,0.7888029590891638
Gyrogeminium velox,0.12419629672753259,0.5018475979897673
Gyrogeminium tardus,0.08900595950449502,0.6320493088648166
Gyrogeminium serratus,0.19008935207813968,0.26748390436212616
Circogeminium ventilans,0.018905636364831613,0.948896116327571
Kronium solidus,0.006414137903736154,0.9728629433087223
Kronium tardus,0.002828989666182646,0.9909173101696844
Kronium vagus,0.0052024316687291905,0.9751659238040726
Kronium saliens,0.00522168361905905,0.9797108824899255
Kronium limus,0.10529288596728333,0.5575818987482979
Kronium dividuus,0.03306396905954803,0.8707072526635421
Kronium solidus,0.008432455074421826,0.9653197946587964
Kronium solidus,0.005196228616660651,0.9779971911214465
Kronium saliens,0.005030235877790436,0.9805514850941212
Gyrokronium,0.02137113935709055,0.9073554844354231
Argentokronium,0.0031338730975020044,0.9853622530047181
Ferrokronium solidus,0.014267010918967288,0.9506552146148057
Ferrokronium valvatus centrale,0.09294950299730018,0.6283789549415179
Ferrokronium valvatus laterale,0.08570288972588463,0.6706466083787771
Ferrokronium tardus,0.005222674821682614,0.9862491212593365
Ferrokronium circularis,0.0033173616105660253,0.9886074314168674
Ferrokronium solidus,0.014358563420295286,0.9505926334787802
Ferrokronium saliens,0.005605139106917147,0.983708438726319
Aurokronium arcus,0.047034326063148266,0.8385865912131513
Aurokronium cavus,0.01719040894565134,0.9259683660378264
Synkronium arcus,0.0053935233952944785,0.9801630433311279
Synkronium cavus,0.006942621369126582,0.9706229416667737
Florakronium arcus,0.0222219526518095,0.9291963654339987
Florakronium cavus,0.005657046117178103,0.9781861449955324
Allikronium,0.06480938975142683,0.7391991744911172
Parakronium arcus,0.010682400264912444,0.9640039894669643
Parakronium cavus,0.04566154586194948,0.83299049953751
Pentakronium arcus,0.025704520217153304,0.9192132238558804
Pentakronium cavus,0.03457231538853358,0.8785335053808286
Hexakronium arcus,0.041055408090332035,0.8717583298973743
Hexakronium cavus,0.02896355511544554,0.8947602113317932
Heptakronium arcus,0.05358486712438138,0.8334942427814513
Tetracaudokronium cavus,0.025591893398382925,0.9117146972804534
Pentacaudokronium cavus,0.027777049773659045,0.9025731788222079
Hexacaudokronium cavus,0.01863535270608858,0.9294810680830285
Catenokronium cinguli,0.036896684906413395,0.8902571458744847
Tetravolvium,0.008331456037552918,0.9667626880058067
Hexavolvium,0.005326075334639085,0.9809162173771536
Hexavolvium resiliens,0.018256672455574045,0.9409195231687344
Hexavolvium ulterior,0.01255767593187421,0.9601460656811599
Crucium arcus,0.009452570529474395,0.9722916634640001
Crucium arcus valvatus,0.010823287424977098,0.9642390652636853
Crucium arcus anulus,0.01364345763602752,0.9670332219663269
Crucium arcus vagus,0.009881427376274836,0.9683349020194447
Crucium arcus vagus,0.010000177472903502,0.9678185229957614
Crucium arcus gyrans,0.010390759897688921,0.9703233462796155
Crucium cavus,0.015010975965498288,0.9493015587779663
Crucium cavus anulus,0.008329948221326947,0.9793780745462903
Crucium crux,0.01174575797541621,0.9723341398529182
Crucium crux rotans,0.005850169819386837,0.9803472307599664
Crucium crux ventilans,0.009760034470050638,0.974633706927328
Crucium crux ventilans,0.009587824161644986,0.9746562860715786
Crucium,0.019927702047897105,0.9605412071781974
Crucium,0.020165752357530327,0.9600437930883265
Triradium lithos,0.011310619473356365,0.9785577515344033
Triradium gyrans,0.013225195571677376,0.9676523591174714
Triradium rotans,0.012597197506986312,0.967028383331788
Triradium ventilans,0.012563644054847362,0.9637427010315154
Triradium limus,0.012581285222987139,0.9697023879357732
Hexaradium solidus,0.016155864803799175,0.9500351092849986
Hexaradium valvatus,0.019126116283560986,0.9558434279277286
Hexaradium lithos,0.01346504426637736,0.9661439921005387
Tetrastrium rotans,0.11034211985528812,0.4579766583687592
Astrium solidus,0.01756107235037862,0.9567794196229739
Astrium limus,0.10774265484313275,0.5145417356139276
Astrium rotans,0.06564594359320995,0.7600526942743443
Astrium scintillans,0.013993283192015295,0.9680498184058712
Astrium inversus,0.014354361051271095,0.9689056003515197
Astrium reversus,0.01207525473381943,0.9656712408931123
Astrium solidus,0.0178022826536878,0.9563451522505007
Astrium currens,0.02834500602712833,0.9210983631647406
Astrium rotans,0.06719438746514304,0.7575375881922524
Astrium rotans,0.06779586294108775,0.7515573058543811
Astrium nausia,0.018708773472686402,0.9479687108033088
Hexastrium,0.13762326307437095,0.44942134835408587
Hexastrium rotans,0.08090158739839694,0.7291349892726269
Hexastrium,0.13297722666527081,0.46569590195550975
Quadrium solidus,0.01233999931686789,0.9561597190467102
Quadrium minus,0.013382424337721844,0.9492743502692637
Quadrium gyrans,0.01583130828838589,0.9580610959175186
Quadrium vagus,0.008675692107467764,0.9602850231452061
Cumulocircium lithos,0.0036436846418719474,0.9849148679818593
Cumulocircium scintillans,0.16062600693662896,0.4930104588829799
Cumulocircium scintillans,0.15287121215948316,0.5166331847667915
Cumulocircium lithos,0.003585639576326581,0.9850489704406928
Cumulocircium scintillans,0.14952938997162693,0.5261126379222908
Cumulocircium lithos,0.002819243101644472,0.98891866862057
Dicircium inversus,0.0019892677199283564,0.9923448033824062
Dicircium rotans,0.0026476389899341315,0.9930395695381311
Dicircium limus,0.001416753610822717,0.9937122711514169
Tricircium inversus,0.002485304217199665,0.9901036855577877
Tricircium rotans,0.0026969096908559657,0.9928325091312697
Tricircium torquens,0.0018606458354632669,0.9922039568405905
Tricircium vagus,0.002295486293379571,0.9921643719267527
Tricircium rotans,0.0027514322674271627,0.9925995331316325
Tetrcircium torquens,0.002628318489646433,0.9912757823524759
Tetrcircium lithos,0.0024508217858146292,0.9928717773488678
Pentcircium rotans,0.00362050276355313,0.9871116371570929
Pentcircium inversus,0.006215237262095214,0.9810050051933804
Hexcircium inversus,0.0067268826303797805,0.9787466144151772
Heptcircium lithos,0.007288840354175862,0.9829236991553313
Heptcircium ventilans,0.0073201094717071005,0.977247795069367
Octcircium lithos,0.010832194563569217,0.9710080310358146
Octcircium ventilans,0.012158195510046464,0.9616037655756782
Deccircium lithos,0.1020652543418392,0.5776282809887824
Hexadentium rotans,0.07464189405342268,0.7501351896934412
Hexadentium scintillans,0.03705843933804116,0.8134012048854364
Hexadentium torquens,0.007414200034516819,0.9764468192304888
Heptadentium rotans,0.05769054559863187,0.8244167233567541
Heptadentium scintillans,0.04551788661448841,0.7943233517941757
Octadentium rotans,0.06903252867240968,0.7664421623643861
Octadentium scintillans,0.08301992757278873,0.6712381716787124
Octadentium alternatus,0.04223975144830936,0.8259784784311636
Nonadentium rotans,0.02649190301074377,0.9141767899705533
Decadentium rotans bioculi,0.09708347862930324,0.685490848511191
Decadentium rotans trioculi,0.035632261114791564,0.891276193157044
Decadentium rotans,0.03702411961805811,0.8757150648060769
Decadentium rotans,0.03703908695104501,0.8759882500026172
Decadentium vagus,0.023639661305094116,0.8738204400324273
Decadentium volubilis,0.01010641339226575,0.9649593160811576
Undecadentium rotans,0.059013258101459694,0.7401795122886127
Undecadentium scintillans,0.03354267862067673,0.8386267187483715
Dodecadentium rotans,0.10237791632704152,0.5885992556410968
Dodecadentium scintillans,0.032858654169337975,0.8532011500451889
Dodecadentium nausia,0.1193364447039366,0.5897199705947849
Tridecadentium rotans,0.01960468826376002,0.9393036398077762
Bifolium lithos,0.0028561188434761604,0.9897698775650963
Bifolium lithos limus,0.002171498598424346,0.9917723460615628
Tetrafolium lithos,0.0029985757237329536,0.9881681723558136
Pentafolium lithos,0.004335557714936367,0.9875322711794018
Pentafolium incarceratus,0.2258127837928982,0.36151976012610854
Pentafolium incarceratus,0.24130412826409584,0.3218768189625898
Hexafolium incarceratus,0.19138530506737336,0.3364303132895135
Octafolium lithos,0.011841703882592623,0.9620332871563732
Octafolium lithos limus,0.005141253247284775,0.9835346451050823
Octafolium tardus,0.017075616254364625,0.9457488869140025
Octafolium lithos,0.011643280972378664,0.9626545713547185
Dodecafolium lithos,0.07013460323855747,0.8093701484948463
Dodecafolium ventilans,0.011674733787453212,0.97035257302751
Heptafolium nausia,0.012676338662139621,0.9597995628848652
Nonafolium lithos,0.010331897952464794,0.960508702562745
Nonafolium rotans,0.012082504026356165,0.9627634308686364
Dodecafolium lithos,0.07064620542405581,0.8095677546433544
Tridecafolium lithos,0.073309939439361,0.6302488391601492
Bug (smaller),0.012970457018580444,0.9558925869756363
Bug (bigger),0.033326668264342656,0.9136599527612338
